{
    "config": "configs/swin/upernet_swin_large_patch4_window7_512x512_80k_coco-stuff10k_test9_prototype1_without_coarse_pull_coarse2_1024.py",
    "metric": {
        "aAcc": 0.7356999999999999,
        "mIoU": 0.4755,
        "mAcc": 0.5921,
        "IoU.person": 0.8558999633789063,
        "IoU.bicycle": 0.6762999725341797,
        "IoU.car": 0.6256000137329102,
        "IoU.motorcycle": 0.8655000305175782,
        "IoU.airplane": 0.8733000183105468,
        "IoU.bus": 0.8683000183105469,
        "IoU.train": 0.7588999938964843,
        "IoU.truck": 0.7180000305175781,
        "IoU.boat": 0.7041000366210938,
        "IoU.traffic light": 0.765199966430664,
        "IoU.fire hydrant": 0.8862999725341797,
        "IoU.stop sign": 0.8597000122070313,
        "IoU.parking meter": 0.8719999694824219,
        "IoU.bench": 0.4059000015258789,
        "IoU.bird": 0.6669000244140625,
        "IoU.cat": 0.9083000183105469,
        "IoU.dog": 0.8948000335693359,
        "IoU.horse": 0.8872000122070313,
        "IoU.sheep": 0.8423000335693359,
        "IoU.cow": 0.9341000366210938,
        "IoU.elephant": 0.9112999725341797,
        "IoU.bear": 0.8687000274658203,
        "IoU.zebra": 0.8825,
        "IoU.giraffe": 0.8534999847412109,
        "IoU.backpack": 0.19850000381469726,
        "IoU.umbrella": 0.6501000213623047,
        "IoU.handbag": 0.13300000190734862,
        "IoU.tie": 0.0,
        "IoU.suitcase": 0.7768000030517578,
        "IoU.frisbee": 0.917300033569336,
        "IoU.skis": 0.19200000762939454,
        "IoU.snowboard": 0.6077999877929687,
        "IoU.sports ball": 0.7448000335693359,
        "IoU.kite": 0.6161999893188477,
        "IoU.baseball bat": 0.295,
        "IoU.baseball glove": 0.3920999908447266,
        "IoU.skateboard": 0.6054000091552735,
        "IoU.surfboard": 0.8366999816894531,
        "IoU.tennis racket": 0.5766999816894531,
        "IoU.bottle": 0.6733999633789063,
        "IoU.wine glass": 0.7676999664306641,
        "IoU.cup": 0.5786999893188477,
        "IoU.fork": 0.2756999969482422,
        "IoU.knife": 0.6923000335693359,
        "IoU.spoon": 0.30270000457763674,
        "IoU.bowl": 0.5445999908447265,
        "IoU.banana": 0.6995999908447266,
        "IoU.apple": 0.6208000183105469,
        "IoU.sandwich": 0.8516999816894532,
        "IoU.orange": 0.7454000091552735,
        "IoU.broccoli": 0.8929000091552735,
        "IoU.carrot": 0.3704999923706055,
        "IoU.hot dog": 0.5133000183105468,
        "IoU.pizza": 0.9198999786376953,
        "IoU.donut": 0.6455999755859375,
        "IoU.cake": 0.7855000305175781,
        "IoU.chair": 0.5059999847412109,
        "IoU.couch": 0.6487999725341796,
        "IoU.potted plant": 0.3090999984741211,
        "IoU.bed": 0.6894999694824219,
        "IoU.dining table": 0.6231999969482422,
        "IoU.toilet": 0.8641000366210938,
        "IoU.tv": 0.5934000015258789,
        "IoU.laptop": 0.7376000213623047,
        "IoU.mouse": 0.35310001373291017,
        "IoU.remote": 0.5743999862670899,
        "IoU.keyboard": 0.8484999847412109,
        "IoU.cell phone": 0.8041000366210938,
        "IoU.microwave": 0.5911999893188477,
        "IoU.oven": 0.6688999938964844,
        "IoU.toaster": 0.0,
        "IoU.sink": 0.7234999847412109,
        "IoU.refrigerator": 0.7618000030517578,
        "IoU.book": 0.7558000183105469,
        "IoU.clock": 0.6537000274658203,
        "IoU.vase": 0.5391999816894532,
        "IoU.scissors": 0.7079000091552734,
        "IoU.teddy bear": 0.8072000122070313,
        "IoU.hair drier": 0.0,
        "IoU.toothbrush": 0.16829999923706054,
        "IoU.banner": 0.3383000183105469,
        "IoU.blanket": 0.165,
        "IoU.branch": 0.11520000457763672,
        "IoU.bridge": 0.029000000953674318,
        "IoU.building-other": 0.5288000106811523,
        "IoU.bush": 0.2868000030517578,
        "IoU.cabinet": 0.24110000610351562,
        "IoU.cage": 0.04300000190734863,
        "IoU.cardboard": 0.19989999771118164,
        "IoU.carpet": 0.5168999862670899,
        "IoU.ceiling-other": 0.6444000244140625,
        "IoU.ceiling-tile": 0.041599998474121096,
        "IoU.cloth": 0.0036000001430511477,
        "IoU.clothes": 0.25260000228881835,
        "IoU.clouds": 0.5245999908447265,
        "IoU.counter": 0.36209999084472655,
        "IoU.cupboard": 0.6081999969482422,
        "IoU.curtain": 0.6654000091552734,
        "IoU.desk-stuff": 0.3356999969482422,
        "IoU.dirt": 0.42330001831054687,
        "IoU.door-stuff": 0.36580001831054687,
        "IoU.fence": 0.42630001068115236,
        "IoU.floor-marble": 0.0,
        "IoU.floor-other": 0.24579999923706056,
        "IoU.floor-stone": 0.16200000762939454,
        "IoU.floor-tile": 0.6120000076293945,
        "IoU.floor-wood": 0.6587999725341797,
        "IoU.flower": 0.21829999923706056,
        "IoU.fog": 0.0,
        "IoU.food-other": 0.20450000762939452,
        "IoU.fruit": 0.6463999938964844,
        "IoU.furniture-other": 0.116899995803833,
        "IoU.grass": 0.7079000091552734,
        "IoU.gravel": 0.24850000381469728,
        "IoU.ground-other": 0.11729999542236329,
        "IoU.hill": 0.2577000045776367,
        "IoU.house": 0.2813999938964844,
        "IoU.leaves": 0.23559999465942383,
        "IoU.light": 0.32099998474121094,
        "IoU.mat": 0.0746999979019165,
        "IoU.metal": 0.08529999732971191,
        "IoU.mirror-stuff": 0.34080001831054685,
        "IoU.moss": 0.0,
        "IoU.mountain": 0.36540000915527343,
        "IoU.mud": 0.1715999984741211,
        "IoU.napkin": 0.0020999999344348905,
        "IoU.net": 0.33849998474121096,
        "IoU.paper": 0.3325,
        "IoU.pavement": 0.45779998779296877,
        "IoU.pillow": 0.0,
        "IoU.plant-other": 0.29200000762939454,
        "IoU.plastic": 0.21639999389648437,
        "IoU.platform": 0.19809999465942382,
        "IoU.playingfield": 0.6143000030517578,
        "IoU.railing": 0.1725,
        "IoU.railroad": 0.555,
        "IoU.river": 0.25440000534057616,
        "IoU.road": 0.6487999725341796,
        "IoU.rock": 0.46490001678466797,
        "IoU.roof": 0.07599999904632568,
        "IoU.rug": 0.6231999969482422,
        "IoU.salad": 0.3143000030517578,
        "IoU.sand": 0.6887000274658203,
        "IoU.sea": 0.6934999847412109,
        "IoU.shelf": 0.216200008392334,
        "IoU.sky-other": 0.6016999816894532,
        "IoU.skyscraper": 0.12210000038146973,
        "IoU.snow": 0.9141999816894532,
        "IoU.solid-other": NaN,
        "IoU.stairs": 0.382599983215332,
        "IoU.stone": 0.0,
        "IoU.straw": 0.17459999084472655,
        "IoU.structural-other": 0.13460000038146971,
        "IoU.table": 0.12420000076293945,
        "IoU.tent": 0.45430000305175783,
        "IoU.textile-other": 0.144399995803833,
        "IoU.towel": 0.32610000610351564,
        "IoU.tree": 0.7895999908447265,
        "IoU.vegetable": 0.3668000030517578,
        "IoU.wall-brick": 0.3636000061035156,
        "IoU.wall-concrete": 0.31059999465942384,
        "IoU.wall-other": 0.5938000106811523,
        "IoU.wall-panel": 0.06460000038146972,
        "IoU.wall-stone": 0.3566999816894531,
        "IoU.wall-tile": 0.5306000137329101,
        "IoU.wall-wood": 0.3838999938964844,
        "IoU.water-other": 0.2125,
        "IoU.waterdrops": NaN,
        "IoU.window-blind": 0.38979999542236327,
        "IoU.window-other": 0.4118000030517578,
        "IoU.wood": 0.12689999580383302,
        "Acc.person": 0.936500015258789,
        "Acc.bicycle": 0.8477999877929687,
        "Acc.car": 0.7566000366210938,
        "Acc.motorcycle": 0.9458999633789062,
        "Acc.airplane": 0.9341000366210938,
        "Acc.bus": 0.9416000366210937,
        "Acc.train": 0.9408999633789062,
        "Acc.truck": 0.7825,
        "Acc.boat": 0.8741000366210937,
        "Acc.traffic light": 0.8636000061035156,
        "Acc.fire hydrant": 0.9469000244140625,
        "Acc.stop sign": 0.9433999633789063,
        "Acc.parking meter": 0.9255999755859375,